{"train_loss": [0.7311229597207513, 0.06407004171204234, 0.03441912209376053, 0.02567778492558084, 0.020475786258412603, 0.012537075397996726, 0.010396801405413658, 0.008465181030311814, 0.006508635094179374, 0.0031371492550552344, 0.003319138293254831, 0.004542356362973289, 0.005105776407729658, 0.002566784548928729], "val_loss": [0.07877875496758971, 0.04617645361950231, 0.05123929337221523, 0.04476138490091923, 0.04397296667029691, 0.041117747450290724, 0.038636359762313756, 0.036935980911344986, 0.03591743437426035, 0.04013498528241072, 0.03931797032625696, 0.0465767126855722, 0.04016629045348354, 0.039605787562552924], "train_acc": [0.820812206354375, 0.9860445643578174, 0.9925571009908359, 0.9941852351490905, 0.9956738149509233, 0.9974880215844071, 0.9977206121784435, 0.9980462390100945, 0.9986974926733962, 0.9993022282178908, 0.9993022282178908, 0.9990696376238545, 0.9988370470298181, 0.9995813369307345], "val_acc": [0.9813953488372092, 0.9873488372093023, 0.9864186046511628, 0.9882790697674418, 0.9903255813953489, 0.9903255813953489, 0.9914418604651163, 0.9918139534883721, 0.992, 0.9923720930232558, 0.9908837209302326, 0.9908837209302326, 0.9918139534883721, 0.9918139534883721]}