{"train_loss": [0.7524003706924105, 0.05952252793390644, 0.03470213572360513, 0.02265179026775742, 0.01622978060324066, 0.01088563453363812, 0.00653206345763055, 0.0037982746215715077, 0.00230683387183639, 0.003294117845765447, 0.0014503724270635476], "val_loss": [0.07908114659924839, 0.058379623939131584, 0.04943022051938745, 0.049600989107129186, 0.036154637784978676, 0.032587388734051655, 0.04107665791899659, 0.04308874686402377, 0.04625198013974397, 0.03933369054216458, 0.03758301029284214], "train_acc": [0.8183932641763967, 0.9866027817835047, 0.9919058473275341, 0.9948830069311997, 0.9959994417825743, 0.9968832860399125, 0.9984183839605526, 0.9992557100990835, 0.9995348188119273, 0.9994417825743127, 0.9997674094059636], "val_acc": [0.9813953488372092, 0.9851162790697674, 0.9875348837209302, 0.9873488372093023, 0.990139534883721, 0.9906976744186047, 0.9895813953488372, 0.9905116279069768, 0.9912558139534884, 0.9908837209302326, 0.9921860465116279]}