{"train_loss": [0.817423948350161, 0.0683277916964602, 0.03687644775310658, 0.02680543187485632, 0.01906660627650844, 0.010933081926950819, 0.007266866167477713, 0.005256288300886187, 0.004425109258892367, 0.003411286553617645], "val_loss": [0.06959336466706076, 0.04545077803315118, 0.07294430075135341, 0.03368111259823795, 0.03178831651183062, 0.03893558804482915, 0.03430649693240953, 0.03989130136966272, 0.03609831918879997, 0.03220210147077261], "train_acc": [0.7976461831883519, 0.98497464762525, 0.9916732567334977, 0.9938130901986324, 0.9955342605945016, 0.997301949109178, 0.9983253477229381, 0.9990696376238545, 0.9991626738614691, 0.9993952644555054], "val_acc": [0.9832558139534884, 0.987906976744186, 0.9795348837209302, 0.9910697674418605, 0.992, 0.9908837209302326, 0.992, 0.9893953488372093, 0.9914418604651163, 0.992]}